134588,2023-07-17 ,3329.9208333333336,Electrical,Yet to be viewed,My room fan is not working,0.0,LH 32,22:14:45,5470.079166666666
134589,2023-07-17 ,3329.9172222222223,Furniture,Yet to be viewed,bench got broken,0.0,LH 32,22:14:58,5470.082777777778
134590,2023-07-17 ,3329.892222222222,Plumbing,Yet to be viewed,water pipe is leaking,0.0,LH 32,22:16:28,5470.107777777778
134591,2023-07-17 ,3329.871666666667,Plumbing,Yet to be viewed,Tap is broken,0.0,LH 3002,22:17:42,5470.128333333333
134592,2023-07-17 ,3329.8647222222226,Furniture,Yet to be viewed,Wooden board is to be clamped,0.0,LH 3002,22:18:07,5470.135277777777
134593,2023-07-17 ,3329.846111111111,Furniture,Yet to be viewed,replacement for an old wooden chair,0.0,LH 33,22:19:14,5470.153888888889
134594,2023-07-17 ,3329.9925000000003,Electrical,Closed,tube light is constantly flickering,0.0,LH 33,22:20:27,5470.0075
134595,2023-07-17 ,3329.9194444444447,Electrical,In progress,My room AC is not working,1.0,LH 35,22:24:50,5470.126666666667
134596,2023-07-17 ,3329.9061111111114,Plumbing,Yet to be viewed,Hand wash tap is not working,0.0,LH 35,22:25:38,5470.093888888889
